Country Code,State Code,ZIP/Postcode,City,Rate %,Tax Name,Priority,Compound,Shipping,Tax Class
US,CO,*,*,2.9000,Colorado Tax,1,1,0,
US,CO,80001*,*,8.2100,ARVADA,1,1,0,
US,CO,80002*,*,7.9600,ARVADA,1,1,0,
US,CO,80003*,*,7.9600,ARVADA,1,1,0,
US,CO,80004*,*,7.9600,ARVADA,1,1,0,
US,CO,80005*,*,7.9600,ARVADA,1,1,0,
US,CO,80006*,*,7.9600,ARVADA,1,1,0,
US,CO,80007*,*,7.9600,ARVADA,1,1,0,
US,CO,80010*,*,8.5000,AURORA,1,1,0,
US,CO,80011*,*,8.5000,AURORA,1,1,0,
US,CO,80012*,*,8.0000,AURORA,1,1,0,
US,CO,80013*,*,8.0000,AURORA,1,1,0,
US,CO,80014*,*,8.0000,AURORA,1,1,0,
US,CO,80015*,*,8.0000,AURORA,1,1,0,
US,CO,80016*,*,8.0000,AURORA,1,1,0,
US,CO,80017*,*,8.0000,AURORA,1,1,0,
US,CO,80018*,*,8.0000,AURORA,1,1,0,
US,CO,80019*,*,8.5000,AURORA,1,1,0,
US,CO,80020*,*,7.9600,ARVADA,1,1,0,
US,CO,80021*,*,7.9600,ARVADA,1,1,0,
US,CO,80022*,*,9.2500,COMMERCE CITY,1,1,0,
US,CO,80023*,*,8.1500,BROOMFIELD,1,1,0,
US,CO,80024*,*,4.7500,DUPONT,1,1,0,
US,CO,80025*,*,5.1900,ELDORADO SPRINGS,1,1,0,
US,CO,80026*,*,9.0600,LAFAYETTE,1,1,0,
US,CO,80027*,*,8.8400,LOUISVILLE,1,1,0,
US,CO,80030*,*,4.7500,DENVER,1,1,0,
US,CO,80031*,*,7.9600,ARVADA,1,1,0,
US,CO,80033*,*,4.5000,DENVER,1,1,0,
US,CO,80034*,*,8.0000,WHEAT RIDGE,1,1,0,
US,CO,80035*,*,8.6000,WESTMINSTER,1,1,0,
US,CO,80036*,*,8.6000,WESTMINSTER,1,1,0,
US,CO,80037*,*,9.2500,COMMERCE CITY,1,1,0,
US,CO,80038*,*,8.1500,BROOMFIELD,1,1,0,
US,CO,80040*,*,8.5000,AURORA,1,1,0,
US,CO,80041*,*,8.0000,AURORA,1,1,0,
US,CO,80042*,*,8.5000,AURORA,1,1,0,
US,CO,80044*,*,8.0000,AURORA,1,1,0,
US,CO,80045*,*,8.5000,AURORA,1,1,0,
US,CO,80046*,*,8.0000,AURORA,1,1,0,
US,CO,80047*,*,8.0000,AURORA,1,1,0,
US,CO,80101*,*,3.9000,AGATE,1,1,0,
US,CO,80102*,*,7.7500,BENNETT,1,1,0,
US,CO,80103*,*,3.2500,BYERS,1,1,0,
US,CO,80104*,*,7.9000,CASTLE ROCK,1,1,0,
US,CO,80105*,*,3.9000,AGATE,1,1,0,
US,CO,80106*,*,5.1300,BLACK FOREST,1,1,0,
US,CO,80107*,*,7.9000,ELIZABETH,1,1,0,
US,CO,80108*,*,6.7500,CASTLE PINES NORTH,1,1,0,
US,CO,80109*,*,7.9000,CASTLE ROCK,1,1,0,
US,CO,80110*,*,7.7500,CHERRY HILLS VILLAGE,1,1,0,
US,CO,80111*,*,6.7500,CENTENNIAL,1,1,0,
US,CO,80112*,*,8.7500,AURORA,1,1,0,
US,CO,80113*,*,7.7500,CHERRY HILLS VILLAGE,1,1,0,
US,CO,80116*,*,5.0000,FRANKTOWN,1,1,0,
US,CO,80117*,*,5.4000,KIOWA,1,1,0,
US,CO,80118*,*,7.9000,LARKSPUR,1,1,0,
US,CO,80120*,*,5.0000,HIGHLANDS RANCH,1,1,0,
US,CO,80121*,*,6.7500,CENTENNIAL,1,1,0,
US,CO,80122*,*,6.7500,CENTENNIAL,1,1,0,
US,CO,80123*,*,4.2500,BOW MAR,1,1,0,
US,CO,80124*,*,8.7500,LITTLETON,1,1,0,
US,CO,80125*,*,8.7500,LITTLETON,1,1,0,
US,CO,80126*,*,5.0000,HIGHLANDS RANCH,1,1,0,
US,CO,80127*,*,4.5000,DENVER,1,1,0,
US,CO,80128*,*,8.0000,LITTLETON,1,1,0,
US,CO,80129*,*,5.0000,HIGHLANDS RANCH,1,1,0,
US,CO,80130*,*,5.0000,HIGHLANDS RANCH,1,1,0,
US,CO,80131*,*,4.0000,LOUVIERS,1,1,0,
US,CO,80132*,*,7.6300,MONUMENT,1,1,0,
US,CO,80133*,*,7.1300,PALMER LAKE,1,1,0,
US,CO,80134*,*,5.0000,DOUGLAS CO UN RTD CD ONLY,1,1,0,
US,CO,80135*,*,4.0000,SEDALIA,1,1,0,
US,CO,80136*,*,3.7500,STRASBURG,1,1,0,
US,CO,80137*,*,3.7500,WATKINS,1,1,0,
US,CO,80138*,*,7.9000,ELIZABETH,1,1,0,
US,CO,80150*,*,8.0500,ENGLEWOOD,1,1,0,
US,CO,80151*,*,8.0500,ENGLEWOOD,1,1,0,
US,CO,80155*,*,8.0500,ENGLEWOOD,1,1,0,
US,CO,80160*,*,8.0000,LITTLETON,1,1,0,
US,CO,80161*,*,6.7500,CENTENNIAL,1,1,0,
US,CO,80162*,*,8.7500,LITTLETON,1,1,0,
US,CO,80163*,*,5.0000,HIGHLANDS RANCH,1,1,0,
US,CO,80165*,*,8.0000,LITTLETON,1,1,0,
US,CO,80166*,*,8.0000,LITTLETON,1,1,0,
US,CO,80201*,*,8.8100,DENVER,1,1,0,
US,CO,80202*,*,8.8100,DENVER,1,1,0,
US,CO,80203*,*,8.8100,DENVER,1,1,0,
US,CO,80204*,*,8.8100,DENVER,1,1,0,
US,CO,80205*,*,8.8100,DENVER,1,1,0,
US,CO,80206*,*,8.8100,DENVER,1,1,0,
US,CO,80207*,*,8.8100,DENVER,1,1,0,
US,CO,80208*,*,8.8100,DENVER,1,1,0,
US,CO,80209*,*,8.8100,DENVER,1,1,0,
US,CO,80210*,*,8.8100,DENVER,1,1,0,
US,CO,80211*,*,8.8100,DENVER,1,1,0,
US,CO,80212*,*,8.8100,DENVER,1,1,0,
US,CO,80214*,*,8.8100,DENVER,1,1,0,
US,CO,80215*,*,4.5000,DENVER,1,1,0,
US,CO,80216*,*,9.2500,COMMERCE CITY,1,1,0,
US,CO,80217*,*,8.8100,DENVER,1,1,0,
US,CO,80218*,*,8.8100,DENVER,1,1,0,
US,CO,80219*,*,8.8100,DENVER,1,1,0,
US,CO,80220*,*,8.8100,DENVER,1,1,0,
US,CO,80221*,*,4.7500,DENVER,1,1,0,
US,CO,80222*,*,8.8100,DENVER,1,1,0,
US,CO,80223*,*,8.8100,DENVER,1,1,0,
US,CO,80224*,*,8.8100,DENVER,1,1,0,
US,CO,80225*,*,4.5000,DENVER,1,1,0,
US,CO,80226*,*,8.8100,DENVER,1,1,0,
US,CO,80227*,*,8.8100,DENVER,1,1,0,
US,CO,80228*,*,4.5000,DENVER,1,1,0,
US,CO,80229*,*,4.7500,DENVER,1,1,0,
US,CO,80230*,*,8.8100,DENVER,1,1,0,
US,CO,80231*,*,4.2500,DENVER,1,1,0,
US,CO,80232*,*,8.8100,DENVER,1,1,0,
US,CO,80233*,*,4.7500,DENVER,1,1,0,
US,CO,80234*,*,8.1500,BROOMFIELD,1,1,0,
US,CO,80235*,*,8.8100,DENVER,1,1,0,
US,CO,80236*,*,4.2500,DENVER,1,1,0,
US,CO,80237*,*,8.8100,DENVER,1,1,0,
US,CO,80238*,*,8.8100,DENVER,1,1,0,
US,CO,80239*,*,8.8100,DENVER,1,1,0,
US,CO,80241*,*,4.7500,DENVER,1,1,0,
US,CO,80243*,*,8.8100,DENVER,1,1,0,
US,CO,80244*,*,8.8100,DENVER,1,1,0,
US,CO,80246*,*,8.8100,DENVER,1,1,0,
US,CO,80247*,*,8.0000,AURORA,1,1,0,
US,CO,80248*,*,8.8100,DENVER,1,1,0,
US,CO,80249*,*,9.2500,COMMERCE CITY,1,1,0,
US,CO,80250*,*,8.8100,DENVER,1,1,0,
US,CO,80256*,*,8.8100,DENVER,1,1,0,
US,CO,80257*,*,8.8100,DENVER,1,1,0,
US,CO,80259*,*,8.8100,DENVER,1,1,0,
US,CO,80260*,*,4.7500,DENVER,1,1,0,
US,CO,80261*,*,8.8100,DENVER,1,1,0,
US,CO,80263*,*,8.8100,DENVER,1,1,0,
US,CO,80264*,*,8.8100,DENVER,1,1,0,
US,CO,80265*,*,8.8100,DENVER,1,1,0,
US,CO,80266*,*,8.8100,DENVER,1,1,0,
US,CO,80271*,*,8.8100,DENVER,1,1,0,
US,CO,80273*,*,8.8100,DENVER,1,1,0,
US,CO,80274*,*,8.8100,DENVER,1,1,0,
US,CO,80281*,*,8.8100,DENVER,1,1,0,
US,CO,80290*,*,8.8100,DENVER,1,1,0,
US,CO,80291*,*,8.8100,DENVER,1,1,0,
US,CO,80293*,*,8.8100,DENVER,1,1,0,
US,CO,80294*,*,8.8100,DENVER,1,1,0,
US,CO,80299*,*,8.8100,DENVER,1,1,0,
US,CO,80301*,*,9.0500,BOULDER,1,1,0,
US,CO,80302*,*,9.0500,BOULDER,1,1,0,
US,CO,80303*,*,9.0500,BOULDER,1,1,0,
US,CO,80304*,*,9.0500,BOULDER,1,1,0,
US,CO,80305*,*,9.0500,BOULDER,1,1,0,
US,CO,80306*,*,9.0500,BOULDER,1,1,0,
US,CO,80307*,*,9.0500,BOULDER,1,1,0,
US,CO,80308*,*,9.0500,BOULDER,1,1,0,
US,CO,80309*,*,9.0500,BOULDER,1,1,0,
US,CO,80310*,*,9.0500,BOULDER,1,1,0,
US,CO,80314*,*,9.0500,BOULDER,1,1,0,
US,CO,80401*,*,4.5000,EVERGREEN,1,1,0,
US,CO,80402*,*,7.5000,GOLDEN,1,1,0,
US,CO,80403*,*,7.9600,ARVADA,1,1,0,
US,CO,80419*,*,7.5000,GOLDEN,1,1,0,
US,CO,80420*,*,6.9000,ALMA,1,1,0,
US,CO,80421*,*,3.9000,BAILEY,1,1,0,
US,CO,80422*,*,8.9000,BLACK HAWK,1,1,0,
US,CO,80423*,*,4.9000,BOND,1,1,0,
US,CO,80424*,*,8.8800,BLUE RIVER,1,1,0,
US,CO,80425*,*,4.5000,BUFFALO CREEK,1,1,0,
US,CO,80426*,*,4.4000,BURNS,1,1,0,
US,CO,80427*,*,8.9000,CENTRAL CITY,1,1,0,
US,CO,80428*,*,3.9000,CLARK,1,1,0,
US,CO,80429*,*,6.9000,CLIMAX,1,1,0,
US,CO,80430*,*,6.9000,COALMONT,1,1,0,
US,CO,80432*,*,3.9000,COMO,1,1,0,
US,CO,80433*,*,4.5000,CONIFER,1,1,0,
US,CO,80434*,*,6.9000,COWDREY,1,1,0,
US,CO,80435*,*,8.8800,DILLON,1,1,0,
US,CO,80436*,*,5.5500,DUMONT,1,1,0,
US,CO,80437*,*,4.5000,EVERGREEN,1,1,0,
US,CO,80438*,*,10.5500,EMPIRE,1,1,0,
US,CO,80439*,*,5.5500,EVERGREEN,1,1,0,
US,CO,80440*,*,7.9000,FAIRPLAY,1,1,0,
US,CO,80442*,*,9.2000,FRASER,1,1,0,
US,CO,80443*,*,6.3800,COPPER MOUNTAIN,1,1,0,
US,CO,80444*,*,10.0500,GEORGETOWN,1,1,0,
US,CO,80446*,*,8.2000,GRANBY,1,1,0,
US,CO,80447*,*,9.2000,GRAND LAKE,1,1,0,
US,CO,80448*,*,3.9000,GRANT,1,1,0,
US,CO,80449*,*,3.9000,HARTSEL,1,1,0,
US,CO,80451*,*,8.2000,HOT SULPHUR SPRINGS,1,1,0,
US,CO,80452*,*,10.5500,IDAHO SPRINGS,1,1,0,
US,CO,80453*,*,4.5000,IDLEDALE,1,1,0,
US,CO,80454*,*,4.5000,INDIAN HILLS,1,1,0,
US,CO,80455*,*,5.1900,JAMESTOWN,1,1,0,
US,CO,80456*,*,3.9000,COMO,1,1,0,
US,CO,80457*,*,4.5000,KITTREDGE,1,1,0,
US,CO,80459*,*,8.2000,KREMMLING,1,1,0,
US,CO,80461*,*,6.9000,LEADVILLE,1,1,0,
US,CO,80463*,*,4.9000,MC COY,1,1,0,
US,CO,80465*,*,8.2500,MORRISON,1,1,0,
US,CO,80466*,*,9.4400,NEDERLAND,1,1,0,
US,CO,80467*,*,6.9000,OAK CREEK,1,1,0,
US,CO,80468*,*,4.2000,PARSHALL,1,1,0,
US,CO,80469*,*,3.9000,PHIPPSBURG,1,1,0,
US,CO,80470*,*,4.5000,PINE,1,1,0,
US,CO,80471*,*,5.1900,PINECLIFFE,1,1,0,
US,CO,80473*,*,6.9000,RAND,1,1,0,
US,CO,80474*,*,2.9000,ROLLINSVILLE,1,1,0,
US,CO,80475*,*,3.9000,SHAWNEE,1,1,0,
US,CO,80476*,*,8.5500,SILVER PLUME,1,1,0,
US,CO,80477*,*,8.4000,STEAMBOAT SPRINGS,1,1,0,
US,CO,80478*,*,4.2000,TABERNASH,1,1,0,
US,CO,80479*,*,3.9000,TOPONAS,1,1,0,
US,CO,80480*,*,7.9000,WALDEN,1,1,0,
US,CO,80481*,*,7.1900,WARD,1,1,0,
US,CO,80482*,*,11.2000,WINTER PARK,1,1,0,
US,CO,80483*,*,5.9000,YAMPA,1,1,0,
US,CO,80487*,*,8.4000,STEAMBOAT SPRINGS,1,1,0,
US,CO,80488*,*,8.4000,STEAMBOAT SPRINGS,1,1,0,
US,CO,80497*,*,8.3800,SILVERTHORNE,1,1,0,
US,CO,80498*,*,8.3800,SILVERTHORNE,1,1,0,
US,CO,80501*,*,8.7200,LONGMONT,1,1,0,
US,CO,80502*,*,8.7200,LONGMONT,1,1,0,
US,CO,80503*,*,7.7000,BERTHOUD,1,1,0,
US,CO,80504*,*,6.5000,FIRESTONE,1,1,0,
US,CO,80510*,*,5.1900,ALLENSPARK,1,1,0,
US,CO,80511*,*,8.7000,ESTES PARK,1,1,0,
US,CO,80512*,*,3.7000,BELLVUE,1,1,0,
US,CO,80513*,*,7.7000,BERTHOUD,1,1,0,
US,CO,80514*,*,5.9000,DACONO,1,1,0,
US,CO,80515*,*,3.7000,DRAKE,1,1,0,
US,CO,80516*,*,8.6900,ERIE,1,1,0,
US,CO,80517*,*,8.7000,ESTES PARK,1,1,0,
US,CO,80520*,*,6.5000,FIRESTONE,1,1,0,
US,CO,80521*,*,7.5500,FORT COLLINS,1,1,0,
US,CO,80522*,*,7.5500,FORT COLLINS,1,1,0,
US,CO,80523*,*,7.5500,FORT COLLINS,1,1,0,
US,CO,80524*,*,7.5500,FORT COLLINS,1,1,0,
US,CO,80525*,*,7.5500,FORT COLLINS,1,1,0,
US,CO,80526*,*,7.5500,FORT COLLINS,1,1,0,
US,CO,80527*,*,7.5500,FORT COLLINS,1,1,0,
US,CO,80528*,*,7.5500,FORT COLLINS,1,1,0,
US,CO,80530*,*,6.4000,FREDERICK,1,1,0,
US,CO,80532*,*,3.7000,GLEN HAVEN,1,1,0,
US,CO,80533*,*,5.1900,HYGIENE,1,1,0,
US,CO,80534*,*,5.9000,JOHNSTOWN,1,1,0,
US,CO,80535*,*,3.7000,LAPORTE,1,1,0,
US,CO,80536*,*,3.7000,LIVERMORE,1,1,0,
US,CO,80537*,*,7.2000,JOHNSTOWN,1,1,0,
US,CO,80538*,*,6.7000,LOVELAND,1,1,0,
US,CO,80539*,*,6.7000,LOVELAND,1,1,0,
US,CO,80540*,*,7.7000,BERTHOUD,1,1,0,
US,CO,80541*,*,3.7000,MASONVILLE,1,1,0,
US,CO,80542*,*,5.9000,MEAD,1,1,0,
US,CO,80543*,*,5.4000,MILLIKEN,1,1,0,
US,CO,80544*,*,6.1900,BOULDER OTOWN NI COTT LID,1,1,0,
US,CO,80545*,*,3.7000,RED FEATHER LAKES,1,1,0,
US,CO,80546*,*,5.9000,SEVERANCE,1,1,0,
US,CO,80547*,*,6.7000,TIMNATH,1,1,0,
US,CO,80549*,*,4.9000,NUNN,1,1,0,
US,CO,80550*,*,5.9000,SEVERANCE,1,1,0,
US,CO,80551*,*,6.5500,WINDSOR,1,1,0,
US,CO,80553*,*,7.5500,FORT COLLINS,1,1,0,
US,CO,80601*,*,8.5000,BRIGHTON,1,1,0,
US,CO,80602*,*,8.5000,BRIGHTON,1,1,0,
US,CO,80603*,*,6.6500,BRIGHTON,1,1,0,
US,CO,80610*,*,5.9000,AULT,1,1,0,
US,CO,80611*,*,2.9000,BRIGGSDALE,1,1,0,
US,CO,80612*,*,2.9000,CARR,1,1,0,
US,CO,80614*,*,4.7500,EASTLAKE,1,1,0,
US,CO,80615*,*,5.9000,EATON,1,1,0,
US,CO,80620*,*,7.4000,EVANS,1,1,0,
US,CO,80621*,*,6.9000,FORT LUPTON,1,1,0,
US,CO,80622*,*,2.9000,GALETON,1,1,0,
US,CO,80623*,*,6.9000,GILCREST,1,1,0,
US,CO,80624*,*,2.9000,GILL,1,1,0,
US,CO,80631*,*,5.9000,GARDEN CITY,1,1,0,
US,CO,80632*,*,7.0100,GREELEY,1,1,0,
US,CO,80633*,*,7.0100,GREELEY,1,1,0,
US,CO,80634*,*,7.4000,EVANS,1,1,0,
US,CO,80638*,*,7.0100,GREELEY,1,1,0,
US,CO,80639*,*,7.0100,GREELEY,1,1,0,
US,CO,80640*,*,8.5000,BRIGHTON,1,1,0,
US,CO,80642*,*,8.5000,BRIGHTON,1,1,0,
US,CO,80643*,*,8.5000,BRIGHTON,1,1,0,
US,CO,80644*,*,6.5000,KERSEY,1,1,0,
US,CO,80645*,*,7.4000,EVANS,1,1,0,
US,CO,80646*,*,2.9000,LUCERNE,1,1,0,
US,CO,80648*,*,4.9000,NUNN,1,1,0,
US,CO,80649*,*,2.9000,ORCHARD,1,1,0,
US,CO,80650*,*,4.9000,PIERCE,1,1,0,
US,CO,80651*,*,5.9000,PLATTEVILLE,1,1,0,
US,CO,80652*,*,2.9000,ROGGEN,1,1,0,
US,CO,80653*,*,2.9000,WELDONA,1,1,0,
US,CO,80654*,*,2.9000,ROGGEN,1,1,0,
US,CO,80701*,*,6.9000,FORT MORGAN,1,1,0,
US,CO,80705*,*,6.9000,FORT MORGAN,1,1,0,
US,CO,80720*,*,6.9000,AKRON,1,1,0,
US,CO,80721*,*,3.9000,AMHERST,1,1,0,
US,CO,80722*,*,3.9000,ATWOOD,1,1,0,
US,CO,80723*,*,6.9000,BRUSH,1,1,0,
US,CO,80726*,*,3.9000,CROOK,1,1,0,
US,CO,80727*,*,5.0000,ECKLEY,1,1,0,
US,CO,80728*,*,5.9000,FLEMING,1,1,0,
US,CO,80729*,*,3.9000,GROVER,1,1,0,
US,CO,80731*,*,5.9000,FLEMING,1,1,0,
US,CO,80732*,*,2.9000,HEREFORD,1,1,0,
US,CO,80733*,*,2.9000,HILLROSE,1,1,0,
US,CO,80734*,*,5.0000,ECKLEY,1,1,0,
US,CO,80735*,*,2.9000,IDALIA,1,1,0,
US,CO,80736*,*,3.9000,ILIFF,1,1,0,
US,CO,80737*,*,8.2000,JULESBURG,1,1,0,
US,CO,80740*,*,4.4000,LINDON,1,1,0,
US,CO,80741*,*,6.9000,AKRON,1,1,0,
US,CO,80742*,*,5.9000,FORT MORGAN,1,1,0,
US,CO,80743*,*,3.9000,MERINO,1,1,0,
US,CO,80744*,*,6.9000,OVID,1,1,0,
US,CO,80745*,*,3.9000,PADRONI,1,1,0,
US,CO,80746*,*,7.4000,HAXTUN,1,1,0,
US,CO,80747*,*,3.9000,PEETZ,1,1,0,
US,CO,80749*,*,6.9000,SEDGWICK,1,1,0,
US,CO,80750*,*,2.9000,SNYDER,1,1,0,
US,CO,80751*,*,7.0000,STERLING,1,1,0,
US,CO,80754*,*,2.9000,STONEHAM,1,1,0,
US,CO,80755*,*,2.9000,VERNON,1,1,0,
US,CO,80757*,*,4.4000,WOODROW,1,1,0,
US,CO,80758*,*,5.4000,WRAY,1,1,0,
US,CO,80759*,*,5.9000,YUMA,1,1,0,
US,CO,80801*,*,4.4000,ANTON,1,1,0,
US,CO,80802*,*,2.9000,ARAPAHOE,1,1,0,
US,CO,80804*,*,4.9000,ARRIBA,1,1,0,
US,CO,80805*,*,2.9000,BETHUNE,1,1,0,
US,CO,80807*,*,5.9000,BURLINGTON,1,1,0,
US,CO,80808*,*,8.1300,CALHAN,1,1,0,
US,CO,80809*,*,5.1300,CASCADE,1,1,0,
US,CO,80810*,*,4.9000,CHEYENNE WELLS,1,1,0,
US,CO,80812*,*,4.4000,COPE,1,1,0,
US,CO,80813*,*,6.2000,CRIPPLE CREEK,1,1,0,
US,CO,80814*,*,3.9000,DIVIDE,1,1,0,
US,CO,80815*,*,4.4000,COPE,1,1,0,
US,CO,80816*,*,3.9000,FLORISSANT,1,1,0,
US,CO,80817*,*,7.8800,FOUNTAIN,1,1,0,
US,CO,80818*,*,4.9000,GENOA,1,1,0,
US,CO,80819*,*,8.1300,GREEN MOUNTAIN FALLS,1,1,0,
US,CO,80820*,*,3.9000,GUFFEY,1,1,0,
US,CO,80821*,*,4.9000,BOYERO,1,1,0,
US,CO,80822*,*,2.9000,JOES,1,1,0,
US,CO,80823*,*,4.9000,KARVAL,1,1,0,
US,CO,80824*,*,2.9000,KIRK,1,1,0,
US,CO,80825*,*,4.9000,KIT CARSON,1,1,0,
US,CO,80826*,*,7.6500,LIMON,1,1,0,
US,CO,80827*,*,3.9000,FLORISSANT,1,1,0,
US,CO,80828*,*,7.6500,LIMON,1,1,0,
US,CO,80829*,*,9.0300,MANITOU SPRINGS,1,1,0,
US,CO,80830*,*,3.9000,MATHESON,1,1,0,
US,CO,80831*,*,3.9000,ELBERT,1,1,0,
US,CO,80832*,*,7.6500,LIMON,1,1,0,
US,CO,80833*,*,4.9000,KARVAL,1,1,0,
US,CO,80834*,*,4.4000,COPE,1,1,0,
US,CO,80835*,*,7.1300,RAMAH,1,1,0,
US,CO,80836*,*,4.9000,STRATTON,1,1,0,
US,CO,80840*,*,8.2000,COLORADO SPRINGS,1,1,0,
US,CO,80841*,*,5.1300,U S A F ACADEMY,1,1,0,
US,CO,80860*,*,6.9000,VICTOR,1,1,0,
US,CO,80861*,*,2.9000,VONA,1,1,0,
US,CO,80862*,*,2.9000,WILD HORSE,1,1,0,
US,CO,80863*,*,7.9900,WOODLAND PARK,1,1,0,
US,CO,80864*,*,5.1300,YODER,1,1,0,
US,CO,80866*,*,7.9900,WOODLAND PARK,1,1,0,
US,CO,80901*,*,8.2000,COLORADO SPRINGS,1,1,0,
US,CO,80902*,*,8.2000,COLORADO SPRINGS,1,1,0,
US,CO,80903*,*,8.2000,COLORADO SPRINGS,1,1,0,
US,CO,80904*,*,8.2000,COLORADO SPRINGS,1,1,0,
US,CO,80905*,*,8.2000,COLORADO SPRINGS,1,1,0,
US,CO,80906*,*,8.2000,COLORADO SPRINGS,1,1,0,
US,CO,80907*,*,8.2000,COLORADO SPRINGS,1,1,0,
US,CO,80908*,*,5.1300,BLACK FOREST,1,1,0,
US,CO,80909*,*,8.2000,COLORADO SPRINGS,1,1,0,
US,CO,80910*,*,8.2000,COLORADO SPRINGS,1,1,0,
US,CO,80911*,*,8.2000,COLORADO SPRINGS,1,1,0,
US,CO,80912*,*,8.2000,COLORADO SPRINGS,1,1,0,
US,CO,80913*,*,8.2000,COLORADO SPRINGS,1,1,0,
US,CO,80914*,*,8.2000,COLORADO SPRINGS,1,1,0,
US,CO,80915*,*,8.2000,COLORADO SPRINGS,1,1,0,
US,CO,80916*,*,8.2000,COLORADO SPRINGS,1,1,0,
US,CO,80917*,*,8.2000,COLORADO SPRINGS,1,1,0,
US,CO,80918*,*,8.2000,COLORADO SPRINGS,1,1,0,
US,CO,80919*,*,8.2000,COLORADO SPRINGS,1,1,0,
US,CO,80920*,*,8.2000,COLORADO SPRINGS,1,1,0,
US,CO,80921*,*,8.2000,COLORADO SPRINGS,1,1,0,
US,CO,80922*,*,8.2000,COLORADO SPRINGS,1,1,0,
US,CO,80923*,*,8.2000,COLORADO SPRINGS,1,1,0,
US,CO,80924*,*,8.2000,COLORADO SPRINGS,1,1,0,
US,CO,80925*,*,8.2000,COLORADO SPRINGS,1,1,0,
US,CO,80926*,*,8.2000,COLORADO SPRINGS,1,1,0,
US,CO,80927*,*,8.2000,COLORADO SPRINGS,1,1,0,
US,CO,80928*,*,8.2000,COLORADO SPRINGS,1,1,0,
US,CO,80929*,*,8.2000,COLORADO SPRINGS,1,1,0,
US,CO,80930*,*,8.2000,COLORADO SPRINGS,1,1,0,
US,CO,80931*,*,8.2000,COLORADO SPRINGS,1,1,0,
US,CO,80932*,*,8.2000,COLORADO SPRINGS,1,1,0,
US,CO,80933*,*,8.2000,COLORADO SPRINGS,1,1,0,
US,CO,80934*,*,8.2000,COLORADO SPRINGS,1,1,0,
US,CO,80935*,*,8.2000,COLORADO SPRINGS,1,1,0,
US,CO,80936*,*,8.2000,COLORADO SPRINGS,1,1,0,
US,CO,80937*,*,8.2000,COLORADO SPRINGS,1,1,0,
US,CO,80938*,*,8.2000,COLORADO SPRINGS,1,1,0,
US,CO,80939*,*,8.2000,COLORADO SPRINGS,1,1,0,
US,CO,80941*,*,8.2000,COLORADO SPRINGS,1,1,0,
US,CO,80942*,*,8.2000,COLORADO SPRINGS,1,1,0,
US,CO,80946*,*,8.2000,COLORADO SPRINGS,1,1,0,
US,CO,80947*,*,8.2000,COLORADO SPRINGS,1,1,0,
US,CO,80949*,*,8.2000,COLORADO SPRINGS,1,1,0,
US,CO,80950*,*,8.2000,COLORADO SPRINGS,1,1,0,
US,CO,80951*,*,8.2000,COLORADO SPRINGS,1,1,0,
US,CO,80960*,*,8.2000,COLORADO SPRINGS,1,1,0,
US,CO,80962*,*,8.2000,COLORADO SPRINGS,1,1,0,
US,CO,80970*,*,8.2000,COLORADO SPRINGS,1,1,0,
US,CO,80977*,*,8.2000,COLORADO SPRINGS,1,1,0,
US,CO,80995*,*,8.2000,COLORADO SPRINGS,1,1,0,
US,CO,80997*,*,8.2000,COLORADO SPRINGS,1,1,0,
US,CO,81001*,*,7.6000,PUEBLO,1,1,0,
US,CO,81002*,*,7.6000,PUEBLO,1,1,0,
US,CO,81003*,*,7.6000,PUEBLO,1,1,0,
US,CO,81004*,*,7.6000,PUEBLO,1,1,0,
US,CO,81005*,*,7.6000,PUEBLO,1,1,0,
US,CO,81006*,*,7.6000,PUEBLO,1,1,0,
US,CO,81007*,*,7.6000,PUEBLO,1,1,0,
US,CO,81008*,*,7.8800,FOUNTAIN,1,1,0,
US,CO,81009*,*,7.6000,PUEBLO,1,1,0,
US,CO,81010*,*,7.6000,PUEBLO,1,1,0,
US,CO,81011*,*,7.6000,PUEBLO,1,1,0,
US,CO,81012*,*,7.6000,PUEBLO,1,1,0,
US,CO,81019*,*,3.9000,COLORADO CITY,1,1,0,
US,CO,81020*,*,7.4000,AGUILAR,1,1,0,
US,CO,81021*,*,2.9000,ARLINGTON,1,1,0,
US,CO,81022*,*,3.9000,AVONDALE,1,1,0,
US,CO,81023*,*,3.9000,BEULAH,1,1,0,
US,CO,81024*,*,4.4000,BONCARBO,1,1,0,
US,CO,81025*,*,3.9000,BOONE,1,1,0,
US,CO,81027*,*,4.4000,BRANSON,1,1,0,
US,CO,81029*,*,2.9000,CAMPO,1,1,0,
US,CO,81030*,*,3.9000,CHERAW,1,1,0,
US,CO,81033*,*,4.9000,CROWLEY,1,1,0,
US,CO,81034*,*,4.9000,CROWLEY,1,1,0,
US,CO,81036*,*,2.9000,BRANDON,1,1,0,
US,CO,81038*,*,3.9000,FORT LYON,1,1,0,
US,CO,81039*,*,3.9000,BOONE,1,1,0,
US,CO,81040*,*,5.9000,GARDNER,1,1,0,
US,CO,81041*,*,5.9000,GRANADA,1,1,0,
US,CO,81043*,*,3.9000,HARTMAN,1,1,0,
US,CO,81044*,*,3.9000,HASTY,1,1,0,
US,CO,81045*,*,2.9000,HASWELL,1,1,0,
US,CO,81046*,*,4.4000,HOEHNE,1,1,0,
US,CO,81047*,*,3.9000,BRISTOL,1,1,0,
US,CO,81049*,*,4.4000,KIM,1,1,0,
US,CO,81050*,*,7.9000,LA JUNTA,1,1,0,
US,CO,81052*,*,3.9000,HASTY,1,1,0,
US,CO,81054*,*,3.9000,FORT LYON,1,1,0,
US,CO,81055*,*,9.4000,LA VETA,1,1,0,
US,CO,81057*,*,3.9000,MC CLAVE,1,1,0,
US,CO,81058*,*,5.9000,MANZANOLA,1,1,0,
US,CO,81059*,*,6.9000,FOWLER,1,1,0,
US,CO,81062*,*,3.9000,BOONE,1,1,0,
US,CO,81063*,*,4.9000,KARVAL,1,1,0,
US,CO,81064*,*,4.4000,KIM,1,1,0,
US,CO,81067*,*,7.9000,ROCKY FORD,1,1,0,
US,CO,81069*,*,5.9000,GARDNER,1,1,0,
US,CO,81071*,*,2.9000,BRANDON,1,1,0,
US,CO,81073*,*,4.9000,SPRINGFIELD,1,1,0,
US,CO,81076*,*,2.9000,ARLINGTON,1,1,0,
US,CO,81077*,*,3.9000,SWINK,1,1,0,
US,CO,81081*,*,4.4000,TRINCHERA,1,1,0,
US,CO,81082*,*,5.4000,COKEDALE,1,1,0,
US,CO,81084*,*,5.9000,GRANADA,1,1,0,
US,CO,81087*,*,2.9000,VILAS,1,1,0,
US,CO,81089*,*,7.4000,AGUILAR,1,1,0,
US,CO,81090*,*,6.9000,HOLLY,1,1,0,
US,CO,81091*,*,4.4000,WESTON,1,1,0,
US,CO,81092*,*,4.9000,EADS,1,1,0,
US,CO,81101*,*,8.4000,ALAMOSA,1,1,0,
US,CO,81102*,*,8.4000,ALAMOSA,1,1,0,
US,CO,81120*,*,8.9000,ANTONITO,1,1,0,
US,CO,81121*,*,6.9000,ARBOLES,1,1,0,
US,CO,81122*,*,7.9000,BAYFIELD,1,1,0,
US,CO,81123*,*,7.9000,BLANCA,1,1,0,
US,CO,81124*,*,4.9000,CAPULIN,1,1,0,
US,CO,81125*,*,7.5000,CENTER,1,1,0,
US,CO,81126*,*,4.9000,CHAMA,1,1,0,
US,CO,81128*,*,6.9000,CHROMO,1,1,0,
US,CO,81129*,*,4.9000,CONEJOS,1,1,0,
US,CO,81130*,*,9.5000,CREEDE,1,1,0,
US,CO,81131*,*,8.9000,CRESTONE,1,1,0,
US,CO,81132*,*,7.4000,CENTER,1,1,0,
US,CO,81133*,*,4.9000,FORT GARLAND,1,1,0,
US,CO,81135*,*,5.5000,HOMELAKE,1,1,0,
US,CO,81136*,*,7.4000,CENTER,1,1,0,
US,CO,81137*,*,7.9000,IGNACIO,1,1,0,
US,CO,81138*,*,4.9000,JAROSO,1,1,0,
US,CO,81140*,*,8.4000,ALAMOSA,1,1,0,
US,CO,81141*,*,5.9000,MANASSA,1,1,0,
US,CO,81143*,*,7.4000,MOFFAT,1,1,0,
US,CO,81144*,*,8.5000,MONTE VISTA,1,1,0,
US,CO,81146*,*,5.9000,MOSCA,1,1,0,
US,CO,81147*,*,6.9000,CHIMNEY ROCK,1,1,0,
US,CO,81148*,*,5.9000,ROMEO,1,1,0,
US,CO,81149*,*,9.4000,SAGUACHE,1,1,0,
US,CO,81151*,*,5.5000,HOMELAKE,1,1,0,
US,CO,81152*,*,4.9000,GARCIA,1,1,0,
US,CO,81154*,*,7.5000,SOUTH FORK,1,1,0,
US,CO,81155*,*,5.4000,VILLA GROVE,1,1,0,
US,CO,81157*,*,6.9000,PAGOSA SPRINGS,1,1,0,
US,CO,81201*,*,5.4000,HOWARD,1,1,0,
US,CO,81210*,*,4.9000,ALMONT,1,1,0,
US,CO,81211*,*,8.1500,BUENA VISTA,1,1,0,
US,CO,81212*,*,8.4000,CANON CITY,1,1,0,
US,CO,81215*,*,8.4000,CANON CITY,1,1,0,
US,CO,81220*,*,4.6500,CIMARRON,1,1,0,
US,CO,81221*,*,5.4000,COAL CREEK,1,1,0,
US,CO,81222*,*,5.4000,COALDALE,1,1,0,
US,CO,81223*,*,5.4000,COTOPAXI,1,1,0,
US,CO,81224*,*,9.9000,CRESTED BUTTE,1,1,0,
US,CO,81225*,*,9.9000,CRESTED BUTTE,1,1,0,
US,CO,81226*,*,7.9000,FLORENCE,1,1,0,
US,CO,81227*,*,5.6500,MONARCH,1,1,0,
US,CO,81228*,*,8.1500,BUENA VISTA,1,1,0,
US,CO,81230*,*,8.9000,GUNNISON,1,1,0,
US,CO,81231*,*,8.9000,GUNNISON,1,1,0,
US,CO,81232*,*,5.4000,HILLSIDE,1,1,0,
US,CO,81233*,*,5.4000,HOWARD,1,1,0,
US,CO,81235*,*,7.9000,LAKE CITY,1,1,0,
US,CO,81236*,*,5.6500,NATHROP,1,1,0,
US,CO,81237*,*,3.9000,OHIO CITY,1,1,0,
US,CO,81239*,*,4.9000,PARLIN,1,1,0,
US,CO,81240*,*,5.4000,PENROSE,1,1,0,
US,CO,81241*,*,6.9000,PITKIN,1,1,0,
US,CO,81242*,*,7.6500,PONCHA SPRINGS,1,1,0,
US,CO,81243*,*,4.9000,POWDERHORN,1,1,0,
US,CO,81244*,*,5.4000,ROCKVALE,1,1,0,
US,CO,81248*,*,5.4000,SARGENTS,1,1,0,
US,CO,81251*,*,5.6500,GRANITE,1,1,0,
US,CO,81252*,*,7.9000,SILVER CLIFF,1,1,0,
US,CO,81253*,*,3.9000,BEULAH,1,1,0,
US,CO,81290*,*,7.9000,FLORENCE,1,1,0,
US,CO,81301*,*,8.4000,DURANGO,1,1,0,
US,CO,81302*,*,8.4000,DURANGO,1,1,0,
US,CO,81303*,*,8.4000,DURANGO,1,1,0,
US,CO,81320*,*,2.9000,CAHONE,1,1,0,
US,CO,81321*,*,7.3500,CORTEZ,1,1,0,
US,CO,81323*,*,6.8000,DOLORES,1,1,0,
US,CO,81324*,*,6.0000,DOVE CREEK,1,1,0,
US,CO,81325*,*,3.9000,EGNAR,1,1,0,
US,CO,81326*,*,4.9000,HESPERUS,1,1,0,
US,CO,81327*,*,3.3000,LEWIS,1,1,0,
US,CO,81328*,*,4.9000,HESPERUS,1,1,0,
US,CO,81329*,*,4.9000,MARVEL,1,1,0,
US,CO,81330*,*,3.3000,MESA VERDE NATIONAL PARK,1,1,0,
US,CO,81331*,*,4.5000,PLEASANT VIEW,1,1,0,
US,CO,81332*,*,8.1500,RICO,1,1,0,
US,CO,81334*,*,3.3000,TOWAOC,1,1,0,
US,CO,81335*,*,3.3000,YELLOW JACKET,1,1,0,
US,CO,81401*,*,8.5300,MONTROSE,1,1,0,
US,CO,81402*,*,8.5300,MONTROSE,1,1,0,
US,CO,81403*,*,8.5300,MONTROSE,1,1,0,
US,CO,81410*,*,6.5000,AUSTIN,1,1,0,
US,CO,81411*,*,4.6500,BEDROCK,1,1,0,
US,CO,81413*,*,8.5000,CEDAREDGE,1,1,0,
US,CO,81414*,*,6.5000,CORY,1,1,0,
US,CO,81415*,*,8.5000,CRAWFORD,1,1,0,
US,CO,81416*,*,9.5000,DELTA,1,1,0,
US,CO,81418*,*,6.5000,ECKERT,1,1,0,
US,CO,81419*,*,8.5000,HOTCHKISS,1,1,0,
US,CO,81420*,*,6.5000,LAZEAR,1,1,0,
US,CO,81422*,*,8.6500,NATURITA,1,1,0,
US,CO,81423*,*,6.9000,NORWOOD,1,1,0,
US,CO,81424*,*,8.6500,NUCLA,1,1,0,
US,CO,81425*,*,9.5000,DELTA,1,1,0,
US,CO,81426*,*,5.9000,OPHIR,1,1,0,
US,CO,81427*,*,9.4500,OURAY,1,1,0,
US,CO,81428*,*,9.5000,PAONIA,1,1,0,
US,CO,81429*,*,4.6500,PARADOX,1,1,0,
US,CO,81430*,*,4.1500,PLACERVILLE,1,1,0,
US,CO,81431*,*,4.6500,REDVALE,1,1,0,
US,CO,81432*,*,9.0500,RIDGWAY,1,1,0,
US,CO,81433*,*,10.4000,SILVERTON,1,1,0,
US,CO,81434*,*,9.5000,PAONIA,1,1,0,
US,CO,81435*,*,8.6500,MOUNTAIN VILLAGE,1,1,0,
US,CO,81501*,*,8.5200,GRAND JUNCTION,1,1,0,
US,CO,81502*,*,8.5200,GRAND JUNCTION,1,1,0,
US,CO,81503*,*,8.5200,GRAND JUNCTION,1,1,0,
US,CO,81504*,*,8.5200,GRAND JUNCTION,1,1,0,
US,CO,81505*,*,8.5200,GRAND JUNCTION,1,1,0,
US,CO,81506*,*,8.5200,GRAND JUNCTION,1,1,0,
US,CO,81507*,*,8.5200,GRAND JUNCTION,1,1,0,
US,CO,81520*,*,5.2700,CLIFTON,1,1,0,
US,CO,81521*,*,8.2700,FRUITA,1,1,0,
US,CO,81522*,*,5.2700,GATEWAY,1,1,0,
US,CO,81523*,*,5.2700,GLADE PARK,1,1,0,
US,CO,81524*,*,5.2700,LOMA,1,1,0,
US,CO,81525*,*,5.2700,MACK,1,1,0,
US,CO,81526*,*,7.2700,PALISADE,1,1,0,
US,CO,81527*,*,5.2700,WHITEWATER,1,1,0,
US,CO,81601*,*,8.6000,GLENWOOD SPRINGS,1,1,0,
US,CO,81602*,*,8.6000,GLENWOOD SPRINGS,1,1,0,
US,CO,81610*,*,7.0000,DINOSAUR,1,1,0,
US,CO,81611*,*,9.3000,ASPEN,1,1,0,
US,CO,81612*,*,9.3000,ASPEN,1,1,0,
US,CO,81615*,*,10.4000,SNOWMASS VILLAGE,1,1,0,
US,CO,81620*,*,8.9000,AVON,1,1,0,
US,CO,81621*,*,8.2000,BASALT,1,1,0,
US,CO,81623*,*,8.2000,BASALT,1,1,0,
US,CO,81624*,*,7.2700,COLLBRAN,1,1,0,
US,CO,81625*,*,8.9000,CRAIG,1,1,0,
US,CO,81626*,*,8.9000,CRAIG,1,1,0,
US,CO,81630*,*,7.2700,DE BEQUE,1,1,0,
US,CO,81631*,*,9.4000,EAGLE,1,1,0,
US,CO,81632*,*,8.4000,BACHELOR GULCH METRO DIST,1,1,0,
US,CO,81633*,*,7.0000,DINOSAUR,1,1,0,
US,CO,81635*,*,3.9000,BATTLEMENT MESA,1,1,0,
US,CO,81636*,*,3.9000,BATTLEMENT MESA,1,1,0,
US,CO,81637*,*,8.6000,GLENWOOD SPRINGS,1,1,0,
US,CO,81638*,*,4.9000,HAMILTON,1,1,0,
US,CO,81639*,*,8.9000,HAYDEN,1,1,0,
US,CO,81640*,*,4.9000,MAYBELL,1,1,0,
US,CO,81641*,*,4.9000,HAMILTON,1,1,0,
US,CO,81642*,*,6.9000,MEREDITH,1,1,0,
US,CO,81643*,*,5.2700,MESA,1,1,0,
US,CO,81645*,*,8.4000,MINTURN,1,1,0,
US,CO,81646*,*,5.2700,MOLINA,1,1,0,
US,CO,81647*,*,8.2000,NEW CASTLE,1,1,0,
US,CO,81648*,*,6.5000,RANGELY,1,1,0,
US,CO,81649*,*,7.4000,RED CLIFF,1,1,0,
US,CO,81650*,*,6.5000,MEEKER,1,1,0,
US,CO,81652*,*,6.9000,SILT,1,1,0,
US,CO,81653*,*,4.9000,SLATER,1,1,0,
US,CO,81654*,*,6.9000,SNOWMASS,1,1,0,
US,CO,81655*,*,4.9000,WOLCOTT,1,1,0,
US,CO,81656*,*,6.9000,WOODY CREEK,1,1,0,
US,CO,81657*,*,8.9000,VAIL,1,1,0,
US,CO,81658*,*,8.9000,VAIL,1,1,0,
